TIME, LEFT DESIRED, LEFT ACTUAL, RIGHT DESIRED, RIGHT ACTUAL
7.01,0.00,-0.01,0.00,-0.01
0.01,0.00,-0.01,0.00,-0.01
0.02,0.00,-0.01,0.00,-0.01
0.03,0.00,-0.01,0.00,-0.01
0.03,0.00,-0.01,0.00,-0.01
0.04,0.00,-0.01,0.00,-0.01
0.05,0.00,-0.01,0.00,-0.01
0.05,0.00,-0.01,0.00,-0.01
0.06,0.00,-0.01,0.00,-0.01
0.07,0.00,-0.01,0.00,-0.01
0.08,0.00,-0.01,0.00,-0.01
0.08,0.00,-0.01,0.00,-0.01
0.09,0.00,-0.01,0.00,-0.01
0.10,0.00,-0.01,0.00,-0.01
0.11,0.00,-0.01,0.00,-0.01
0.11,0.00,-0.01,0.00,-0.01
0.12,0.00,-0.01,0.00,-0.01
0.13,0.00,-0.01,0.00,-0.01
0.13,0.00,-0.01,0.00,-0.01
0.14,0.00,-0.01,0.00,-0.01
0.15,0.00,-0.01,0.00,-0.01
0.16,0.00,-0.01,0.00,-0.01
0.17,0.00,-0.01,0.00,-0.01
0.17,0.00,-0.01,0.00,-0.01
0.18,0.00,-0.01,0.00,-0.01
0.19,0.00,-0.01,0.00,-0.01
0.19,0.00,-0.01,0.00,-0.01
0.20,0.00,-0.01,0.00,-0.01
0.21,0.00,-0.01,0.00,-0.01
0.22,0.00,-0.01,0.00,-0.01
0.22,0.00,-0.01,0.00,-0.01
0.23,0.00,-0.01,0.00,-0.01
0.24,0.00,-0.01,0.00,-0.01
0.24,0.00,-0.01,0.00,-0.01
0.25,0.00,-0.00,0.00,-0.01
0.26,0.00,-0.00,0.00,-0.01
0.27,0.00,-0.00,0.00,-0.01
0.27,0.00,-0.00,0.00,-0.01
0.28,0.00,-0.00,0.00,-0.01
0.29,0.00,-0.00,0.00,-0.01
0.30,0.00,-0.00,0.00,-0.01
0.30,0.00,-0.00,0.00,-0.01
0.31,0.00,-0.00,0.00,-0.01
0.32,0.00,-0.00,0.00,-0.01
0.32,0.00,-0.00,0.00,-0.01
0.33,0.00,-0.00,0.00,-0.00
0.34,0.00,-0.00,0.00,-0.00
0.35,0.00,-0.00,0.00,-0.00
0.35,0.00,-0.00,0.00,-0.00
0.36,0.00,-0.00,0.00,-0.00
0.37,0.00,-0.00,0.00,-0.00
0.38,0.00,-0.00,0.00,-0.00
0.38,0.00,-0.00,0.00,-0.00
0.39,0.00,-0.00,0.00,-0.00
0.40,0.00,-0.00,0.00,0.00
0.40,0.00,-0.00,0.00,0.00
0.41,0.00,-0.00,0.00,-0.00
0.42,0.00,-0.00,0.00,-0.00
0.43,0.00,-0.00,0.00,0.00
0.43,0.00,-0.00,0.00,0.00
0.44,0.00,-0.00,0.00,0.00
0.45,0.00,-0.00,0.00,-0.00
0.45,0.00,-0.00,0.00,0.00
0.46,0.00,-0.00,0.00,0.00
0.47,0.00,-0.00,0.00,0.00
0.48,0.00,-0.00,0.00,0.00
0.49,0.00,-0.00,0.00,0.00
0.49,0.00,-0.00,0.00,0.00
0.50,0.00,-0.00,0.00,0.00
0.51,0.00,0.00,0.00,0.00
0.51,0.00,0.00,0.00,0.00
0.52,0.00,0.00,0.00,0.00
0.53,0.00,0.00,0.00,0.00
0.54,0.00,0.00,0.00,0.00
0.54,0.00,0.00,0.00,0.00
0.55,0.00,0.00,0.00,0.00
0.56,0.00,0.00,0.00,0.00
0.56,0.00,0.00,0.00,0.00
0.57,0.00,0.00,0.00,0.00
0.58,0.00,0.00,0.00,0.00
0.58,0.00,0.00,0.00,0.00
0.59,0.00,0.00,0.00,0.00
0.60,0.00,0.00,0.00,0.00
0.61,0.00,0.00,0.00,0.00
0.61,0.00,0.00,0.00,0.00
0.62,0.00,0.00,0.00,0.00
0.63,0.00,0.00,0.00,0.00
0.64,0.00,0.00,0.00,0.00
0.64,0.00,0.00,0.00,0.00
0.65,0.00,0.00,0.00,0.00
0.66,0.00,0.00,0.00,0.00
0.66,0.00,0.00,0.00,0.00
0.67,0.00,0.00,0.00,0.00
0.68,0.00,0.00,0.00,0.00
0.69,0.00,0.00,0.00,0.00
0.69,0.00,0.00,0.00,0.00
0.70,0.00,0.00,0.00,0.00
0.71,0.00,0.00,0.00,0.00
0.71,0.00,0.00,0.00,0.00
0.72,0.00,0.00,0.00,0.00
0.73,0.00,0.00,0.00,0.00
0.74,0.00,0.00,0.00,0.00
0.74,0.00,0.00,0.00,0.00
0.75,0.00,0.00,0.00,0.00
0.76,0.00,0.00,0.00,0.00
0.76,0.00,0.00,0.00,0.00
0.77,0.00,0.00,0.00,0.00
0.78,0.00,0.00,0.00,0.00
0.79,0.00,0.00,0.00,0.00
0.79,0.00,0.00,0.00,0.00
0.80,0.00,0.00,0.00,0.00
0.81,0.00,0.00,0.00,0.00
0.81,0.00,0.00,0.00,0.00
0.82,0.00,0.00,0.00,0.00
0.83,0.00,0.00,0.00,0.00
0.84,0.00,0.00,0.00,0.00
0.84,0.00,0.00,0.00,0.00
0.85,0.00,0.00,0.00,0.00
0.86,0.00,0.00,0.00,0.00
0.86,0.00,0.00,0.00,0.00
0.87,0.00,0.00,0.00,0.00
0.88,0.00,0.00,0.00,0.00
0.89,0.00,0.00,0.00,0.00
0.89,0.00,0.00,0.00,0.00
0.90,0.00,0.00,0.00,0.00
0.91,0.00,0.00,0.00,0.00
0.91,0.00,0.00,0.00,0.00
0.92,0.00,0.00,0.00,0.00
0.93,0.00,0.00,0.00,0.00
0.94,0.00,0.00,0.00,0.00
0.94,0.00,0.00,0.00,0.00
0.95,0.00,0.00,0.00,0.00
0.96,0.00,0.00,0.00,0.00
0.96,0.00,0.00,0.00,0.00
0.97,0.00,0.00,0.00,0.00
0.98,0.00,0.00,0.00,0.00
0.99,0.00,0.00,0.00,0.00
0.99,0.00,0.00,0.00,0.00
1.00,0.00,0.00,0.00,0.00
1.01,0.00,0.00,0.00,0.00
1.02,0.00,0.00,0.00,0.00
1.02,0.00,0.00,0.00,0.00
1.03,0.00,0.00,0.00,0.00
1.04,0.00,0.00,0.00,0.00
1.04,0.00,0.00,0.00,0.00
1.05,0.00,0.00,0.00,0.00
1.06,0.00,0.00,0.00,0.00
1.07,0.00,0.00,0.00,0.00
1.07,0.00,0.00,0.00,0.00
1.08,0.00,0.00,0.00,0.00
1.09,0.00,0.00,0.00,0.00
1.09,0.00,0.00,0.00,0.00
1.10,0.00,0.00,0.00,0.00
1.11,0.00,0.00,0.00,0.00
1.12,0.00,0.00,0.00,0.00
1.12,0.00,0.00,0.00,0.00
1.13,0.00,0.00,0.00,0.00
1.14,0.00,0.00,0.00,0.00
1.14,0.00,0.00,0.00,0.00
1.15,0.00,0.00,0.00,0.00
1.16,0.00,0.00,0.00,0.00
1.17,0.00,0.00,0.00,0.00
1.17,0.00,0.00,0.00,0.00
1.18,0.00,0.00,0.00,0.00
1.19,0.00,0.00,0.00,0.00
1.20,0.00,0.00,0.00,0.00
1.20,0.00,0.00,0.00,0.00
1.21,0.00,0.00,0.00,0.00
1.22,0.00,0.00,0.00,0.00
1.22,0.00,0.00,0.00,0.00
1.23,0.00,0.00,0.00,0.00
1.24,0.00,0.00,0.00,0.00
1.25,0.00,0.00,0.00,0.00
1.25,0.00,0.00,0.00,0.00
1.26,0.00,0.00,0.00,0.00
1.27,0.00,0.00,0.00,0.00
1.27,0.00,0.00,0.00,0.00
1.28,0.00,0.00,0.00,0.00
1.29,0.00,0.00,0.00,0.00
1.29,0.00,0.00,0.00,0.00
1.30,0.00,0.00,0.00,0.00
1.31,0.00,0.00,0.00,0.00
1.32,0.00,0.00,0.00,0.00
1.32,0.00,0.00,0.00,0.00
1.33,0.00,0.00,0.00,0.00
1.34,0.00,0.00,0.00,0.00
1.35,0.00,0.00,0.00,0.00
1.35,0.00,0.00,0.00,0.00
1.36,0.00,0.00,0.00,0.00
1.37,0.00,0.00,0.00,0.00
1.37,0.00,0.00,0.00,0.00
1.38,0.00,0.00,0.00,0.00
1.39,0.00,0.00,0.00,0.00
1.39,0.00,0.00,0.00,0.00
1.40,0.00,0.00,0.00,0.00
1.41,0.00,0.00,0.00,0.00
1.42,0.00,0.00,0.00,0.00
1.42,0.00,0.00,0.00,0.00
1.43,0.00,0.00,0.00,0.00
1.44,0.00,0.00,0.00,0.00
1.45,0.00,0.00,0.00,0.00
1.45,0.00,0.00,0.00,0.00
1.46,0.00,0.00,0.00,0.00
1.47,0.00,0.00,0.00,0.00
1.48,0.00,0.00,0.00,0.00
1.48,0.00,0.00,0.00,0.00
1.49,0.00,0.00,0.00,0.00
1.50,0.00,0.00,0.00,0.00
1.50,0.00,0.00,0.00,0.00
1.51,0.00,0.00,0.00,0.00
1.52,0.00,0.00,0.00,0.00
1.52,0.00,0.00,0.00,0.00
1.53,0.00,0.00,0.00,0.00
1.54,0.00,0.00,0.00,0.00
1.55,0.00,0.00,0.00,0.00
1.55,0.00,0.00,0.00,0.00
1.56,0.00,0.00,0.00,0.00
1.57,0.00,0.00,0.00,0.00
1.58,0.00,0.00,0.00,0.00
1.58,0.00,0.00,0.00,0.00
1.59,0.00,0.00,0.00,0.00
1.60,0.00,0.00,0.00,0.00
1.60,0.00,0.00,0.00,0.00
1.61,0.00,0.00,0.00,0.00
1.62,0.00,0.00,0.00,0.00
1.63,0.00,0.00,0.00,0.00
1.63,0.00,0.00,0.00,0.00
1.64,0.00,0.00,0.00,0.00
1.65,0.00,0.00,0.00,0.00
1.65,0.00,0.00,0.00,0.00
1.66,0.00,0.00,0.00,0.00
1.67,0.00,0.00,0.00,0.00
1.68,0.00,0.00,0.00,0.00
1.68,0.00,0.00,0.00,0.00
1.69,0.00,0.00,0.00,0.00
1.70,0.00,0.00,0.00,0.00
1.71,0.00,0.00,0.00,0.00
1.71,0.00,0.00,0.00,0.00
1.72,0.00,0.00,0.00,0.00
1.73,0.00,0.00,0.00,0.00
1.73,0.00,0.00,0.00,0.00
1.74,0.00,0.00,0.00,0.00
1.75,0.00,0.00,0.00,0.00
1.75,0.00,0.00,0.00,0.00
1.76,0.00,0.00,0.00,0.00
1.77,0.00,0.00,0.00,0.00
1.78,0.00,0.00,0.00,0.00
1.78,0.00,0.00,0.00,0.00
1.79,0.00,0.00,0.00,0.00
1.80,0.00,0.00,0.00,0.00
1.80,0.00,0.00,0.00,0.00
1.81,0.00,0.00,0.00,0.00
1.82,0.00,0.00,0.00,0.00
1.83,0.00,0.00,0.00,0.00
1.83,0.00,0.00,0.00,0.00
1.84,0.00,0.00,0.00,0.00
1.85,0.00,0.00,0.00,0.00
1.86,0.00,0.00,0.00,0.00
1.86,0.00,0.00,0.00,0.00
1.87,0.00,0.00,0.00,0.00
1.88,0.00,0.00,0.00,0.00
1.88,0.00,0.00,0.00,0.00
1.89,0.00,0.00,0.00,0.00
1.90,0.00,0.00,0.00,0.00
1.91,0.00,0.00,0.00,0.00
1.91,0.00,0.00,0.00,0.00
1.92,0.00,0.00,0.00,0.00
1.93,0.00,0.00,0.00,0.00
1.93,0.00,0.00,0.00,0.00
1.94,0.00,0.00,0.00,0.00
1.95,0.00,0.00,0.00,0.00
1.96,0.00,0.00,0.00,0.00
1.96,0.00,0.00,0.00,0.00
1.97,0.00,0.00,0.00,0.00
1.98,0.00,0.00,0.00,0.00
1.98,0.00,0.00,0.00,0.00
1.99,0.00,0.00,0.00,0.00
2.00,3.14,0.00,3.14,0.00
2.01,3.14,0.00,3.14,0.00
2.01,3.14,0.01,3.14,0.01
2.02,3.14,0.02,3.14,0.03
2.03,3.14,0.05,3.14,0.05
2.04,3.14,0.09,3.14,0.09
2.05,3.14,0.13,3.14,0.14
2.05,3.14,0.19,3.14,0.20
2.06,3.14,0.25,3.14,0.26
2.07,3.14,0.31,3.14,0.32
2.08,3.14,0.38,3.14,0.40
2.08,3.14,0.46,3.14,0.47
2.09,3.14,0.53,3.14,0.56
2.10,3.14,0.62,3.14,0.64
2.11,3.14,0.70,3.14,0.73
2.12,3.14,0.79,3.14,0.82
2.12,3.14,0.88,3.14,0.91
2.13,3.14,0.98,3.14,1.01
2.14,3.14,1.07,3.14,1.11
2.15,3.14,1.17,3.14,1.21
2.15,3.14,1.27,3.14,1.31
2.16,3.14,1.37,3.14,1.41
2.17,3.14,1.47,3.14,1.52
2.18,3.14,1.58,3.14,1.62
2.19,3.14,1.68,3.14,1.73
2.19,3.14,1.79,3.14,1.84
2.20,3.14,1.90,3.14,1.95
2.21,3.14,2.01,3.14,2.06
2.22,3.14,2.12,3.14,2.17
2.23,3.14,2.23,3.14,2.28
2.23,3.14,2.34,3.14,2.39
2.24,3.14,2.45,3.14,2.50
2.25,3.14,2.56,3.14,2.61
2.26,3.14,2.66,3.14,2.72
2.27,3.14,2.75,3.14,2.80
2.27,3.14,2.83,3.14,2.87
2.28,3.14,2.89,3.14,2.93
2.29,3.14,2.93,3.14,2.97
2.30,3.14,2.97,3.14,3.01
2.30,3.14,3.01,3.14,3.04
2.31,3.14,3.04,3.14,3.07
2.32,3.14,3.06,3.14,3.08
2.33,3.14,3.08,3.14,3.10
2.33,3.14,3.10,3.14,3.12
2.34,3.14,3.11,3.14,3.13
2.35,3.14,3.13,3.14,3.15
2.36,3.14,3.14,3.14,3.16
2.36,3.14,3.15,3.14,3.17
2.37,3.14,3.16,3.14,3.17
2.38,3.14,3.16,3.14,3.18
2.39,3.14,3.17,3.14,3.18
2.39,3.14,3.17,3.14,3.18
2.40,3.14,3.18,3.14,3.19
2.41,3.14,3.18,3.14,3.19
2.42,3.14,3.18,3.14,3.19
2.42,3.14,3.19,3.14,3.19
2.43,3.14,3.19,3.14,3.19
2.44,3.14,3.19,3.14,3.19
2.45,3.14,3.19,3.14,3.19
2.45,3.14,3.19,3.14,3.19
2.46,3.14,3.19,3.14,3.19
2.47,3.14,3.19,3.14,3.19
2.48,3.14,3.19,3.14,3.19
2.48,3.14,3.19,3.14,3.19
2.49,3.14,3.19,3.14,3.19
2.50,3.14,3.19,3.14,3.19
2.50,3.14,3.19,3.14,3.19
2.51,3.14,3.19,3.14,3.19
2.52,3.14,3.19,3.14,3.19
2.53,3.14,3.19,3.14,3.19
2.53,3.14,3.19,3.14,3.19
2.54,3.14,3.19,3.14,3.19
2.55,3.14,3.19,3.14,3.18
2.56,3.14,3.19,3.14,3.18
2.56,3.14,3.18,3.14,3.18
2.57,3.14,3.18,3.14,3.18
2.58,3.14,3.18,3.14,3.18
2.59,3.14,3.18,3.14,3.18
2.59,3.14,3.18,3.14,3.18
2.60,3.14,3.18,3.14,3.18
2.61,3.14,3.18,3.14,3.18
2.62,3.14,3.18,3.14,3.18
2.62,3.14,3.18,3.14,3.18
2.63,3.14,3.18,3.14,3.18
2.64,3.14,3.18,3.14,3.18
2.65,3.14,3.18,3.14,3.18
2.65,3.14,3.18,3.14,3.17
2.66,3.14,3.17,3.14,3.17
2.67,3.14,3.17,3.14,3.17
2.68,3.14,3.17,3.14,3.17
2.68,3.14,3.17,3.14,3.17
2.69,3.14,3.17,3.14,3.17
2.70,3.14,3.17,3.14,3.17
2.71,3.14,3.17,3.14,3.17
2.71,3.14,3.17,3.14,3.17
2.72,3.14,3.17,3.14,3.17
2.73,3.14,3.17,3.14,3.17
2.74,3.14,3.17,3.14,3.17
2.74,3.14,3.17,3.14,3.17
2.75,3.14,3.17,3.14,3.17
2.76,3.14,3.17,3.14,3.16
2.77,3.14,3.17,3.14,3.16
2.77,3.14,3.17,3.14,3.16
2.78,3.14,3.17,3.14,3.16
2.79,3.14,3.16,3.14,3.16
2.79,3.14,3.16,3.14,3.16
2.80,3.14,3.16,3.14,3.16
2.81,3.14,3.16,3.14,3.16
2.82,3.14,3.16,3.14,3.16
2.82,3.14,3.16,3.14,3.16
2.83,3.14,3.16,3.14,3.16
2.84,3.14,3.16,3.14,3.16
2.85,3.14,3.16,3.14,3.16
2.85,3.14,3.16,3.14,3.16
2.86,3.14,3.16,3.14,3.16
2.87,3.14,3.16,3.14,3.16
2.88,3.14,3.16,3.14,3.16
2.88,3.14,3.16,3.14,3.16
2.89,3.14,3.16,3.14,3.16
2.90,3.14,3.16,3.14,3.16
2.91,3.14,3.16,3.14,3.16
2.91,3.14,3.16,3.14,3.16
2.92,3.14,3.15,3.14,3.15
2.93,3.14,3.15,3.14,3.15
2.94,3.14,3.15,3.14,3.15
2.94,3.14,3.15,3.14,3.15
2.95,3.14,3.15,3.14,3.15
2.96,3.14,3.15,3.14,3.15
2.97,3.14,3.15,3.14,3.15
2.97,3.14,3.15,3.14,3.15
2.98,3.14,3.15,3.14,3.15
2.99,3.14,3.15,3.14,3.15
3.00,3.14,3.15,3.14,3.15
3.00,3.14,3.15,3.14,3.15
3.01,3.14,3.15,3.14,3.15
3.02,3.14,3.15,3.14,3.15
3.03,3.14,3.15,3.14,3.15
3.03,3.14,3.15,3.14,3.15
3.04,3.14,3.15,3.14,3.15
3.05,3.14,3.15,3.14,3.15
3.05,3.14,3.15,3.14,3.15
3.06,3.14,3.15,3.14,3.15
3.07,3.14,3.15,3.14,3.15
3.08,3.14,3.15,3.14,3.15
3.08,3.14,3.15,3.14,3.14
3.09,3.14,3.15,3.14,3.14
3.10,3.14,3.15,3.14,3.15
3.11,3.14,3.15,3.14,3.14
3.11,3.14,3.15,3.14,3.14
3.12,3.14,3.15,3.14,3.14
3.13,3.14,3.15,3.14,3.14
3.14,3.14,3.15,3.14,3.14
3.14,3.14,3.15,3.14,3.14
3.15,3.14,3.15,3.14,3.14
3.16,3.14,3.15,3.14,3.14
3.17,3.14,3.15,3.14,3.14
3.17,3.14,3.15,3.14,3.14
3.18,3.14,3.15,3.14,3.14
3.19,3.14,3.15,3.14,3.14
3.20,3.14,3.15,3.14,3.14
3.20,3.14,3.15,3.14,3.14
3.21,3.14,3.15,3.14,3.14
3.22,3.14,3.15,3.14,3.14
3.22,3.14,3.15,3.14,3.14
3.23,3.14,3.15,3.14,3.14
3.24,3.14,3.15,3.14,3.14
3.25,3.14,3.15,3.14,3.14
3.25,3.14,3.15,3.14,3.14
3.26,3.14,3.15,3.14,3.14
3.27,3.14,3.15,3.14,3.14
3.28,3.14,3.14,3.14,3.14
3.28,3.14,3.14,3.14,3.14
3.29,3.14,3.14,3.14,3.14
3.30,3.14,3.14,3.14,3.14
3.31,3.14,3.14,3.14,3.14
3.31,3.14,3.14,3.14,3.14
3.32,3.14,3.14,3.14,3.14
3.33,3.14,3.14,3.14,3.14
3.34,3.14,3.14,3.14,3.14
3.34,3.14,3.14,3.14,3.14
3.35,3.14,3.14,3.14,3.14
3.36,3.14,3.14,3.14,3.14
3.37,3.14,3.14,3.14,3.14
3.37,3.14,3.14,3.14,3.14
3.38,3.14,3.14,3.14,3.14
3.39,3.14,3.14,3.14,3.14
3.40,3.14,3.14,3.14,3.14
3.40,3.14,3.14,3.14,3.14
3.41,3.14,3.14,3.14,3.14
3.42,3.14,3.14,3.14,3.14
3.43,3.14,3.14,3.14,3.14
3.43,3.14,3.14,3.14,3.14
3.44,3.14,3.14,3.14,3.14
3.45,3.14,3.14,3.14,3.14
3.45,3.14,3.14,3.14,3.14
3.46,3.14,3.14,3.14,3.14
3.47,3.14,3.14,3.14,3.14
3.48,3.14,3.14,3.14,3.14
3.48,3.14,3.14,3.14,3.14
3.49,3.14,3.14,3.14,3.14
3.50,3.14,3.14,3.14,3.14
3.51,3.14,3.14,3.14,3.14
3.51,3.14,3.14,3.14,3.14
3.52,3.14,3.14,3.14,3.14
3.53,3.14,3.14,3.14,3.14
3.54,3.14,3.14,3.14,3.14
3.54,3.14,3.14,3.14,3.14
3.55,3.14,3.14,3.14,3.14
3.56,3.14,3.14,3.14,3.14
3.57,3.14,3.14,3.14,3.14
3.57,3.14,3.14,3.14,3.14
3.58,3.14,3.14,3.14,3.14
3.59,3.14,3.14,3.14,3.14
3.60,3.14,3.14,3.14,3.14
3.60,3.14,3.14,3.14,3.14
3.61,3.14,3.14,3.14,3.14
3.62,3.14,3.14,3.14,3.14
3.63,3.14,3.14,3.14,3.14
3.63,3.14,3.14,3.14,3.14
3.64,3.14,3.14,3.14,3.14
3.65,3.14,3.14,3.14,3.14
3.65,3.14,3.14,3.14,3.14
3.66,3.14,3.14,3.14,3.14
3.67,3.14,3.14,3.14,3.14
3.68,3.14,3.14,3.14,3.14
3.68,3.14,3.14,3.14,3.14
3.69,3.14,3.14,3.14,3.14
3.70,3.14,3.14,3.14,3.14
3.71,3.14,3.14,3.14,3.14
3.71,3.14,3.14,3.14,3.14
3.72,3.14,3.14,3.14,3.14
3.73,3.14,3.14,3.14,3.14
3.74,3.14,3.14,3.14,3.14
3.74,3.14,3.14,3.14,3.14
3.75,3.14,3.14,3.14,3.14
3.76,3.14,3.14,3.14,3.14
3.77,3.14,3.14,3.14,3.14
3.77,3.14,3.14,3.14,3.14
3.78,3.14,3.14,3.14,3.14
3.79,3.14,3.14,3.14,3.14
3.80,3.14,3.14,3.14,3.14
3.80,3.14,3.14,3.14,3.14
3.81,3.14,3.14,3.14,3.14
3.82,3.14,3.14,3.14,3.14
3.82,3.14,3.14,3.14,3.14
3.83,3.14,3.14,3.14,3.14
3.84,3.14,3.14,3.14,3.14
3.85,3.14,3.14,3.14,3.14
3.85,3.14,3.14,3.14,3.14
3.86,3.14,3.14,3.14,3.14
3.87,3.14,3.14,3.14,3.14
3.88,3.14,3.14,3.14,3.14
3.88,3.14,3.14,3.14,3.14
3.89,3.14,3.14,3.14,3.14
3.90,3.14,3.14,3.14,3.14
3.91,3.14,3.14,3.14,3.14
3.91,3.14,3.14,3.14,3.14
3.92,3.14,3.14,3.14,3.14
3.93,3.14,3.14,3.14,3.14
3.94,3.14,3.14,3.14,3.14
3.94,3.14,3.14,3.14,3.14
3.95,3.14,3.14,3.14,3.14
3.96,3.14,3.14,3.14,3.14
3.97,3.14,3.14,3.14,3.14
3.97,3.14,3.14,3.14,3.14
3.98,3.14,3.14,3.14,3.14
3.99,3.14,3.14,3.14,3.14
4.00,3.14,3.14,3.14,3.14
4.00,3.14,3.14,3.14,3.14
4.01,3.14,3.14,3.14,3.14
4.02,3.14,3.14,3.14,3.14
4.03,3.14,3.14,3.14,3.14
4.03,3.14,3.14,3.14,3.14
4.04,3.14,3.14,3.14,3.14
4.05,3.14,3.14,3.14,3.14
4.05,3.14,3.14,3.14,3.14
4.06,3.14,3.14,3.14,3.14
4.07,3.14,3.14,3.14,3.14
4.08,3.14,3.14,3.14,3.14
4.08,3.14,3.14,3.14,3.14
4.09,3.14,3.14,3.14,3.14
4.10,3.14,3.14,3.14,3.14
4.11,3.14,3.14,3.14,3.14
4.11,3.14,3.14,3.14,3.14
4.12,3.14,3.14,3.14,3.14
4.13,3.14,3.14,3.14,3.14
4.14,3.14,3.14,3.14,3.14
4.14,3.14,3.14,3.14,3.14
4.15,3.14,3.14,3.14,3.14
4.16,3.14,3.14,3.14,3.14
4.17,3.14,3.14,3.14,3.14
4.17,3.14,3.14,3.14,3.14
4.18,3.14,3.14,3.14,3.14
4.19,3.14,3.14,3.14,3.14
4.20,3.14,3.14,3.14,3.14
4.20,3.14,3.14,3.14,3.14
4.21,3.14,3.14,3.14,3.14
4.22,3.14,3.14,3.14,3.14
4.23,3.14,3.14,3.14,3.14
4.23,3.14,3.14,3.14,3.14
4.24,3.14,3.14,3.14,3.14
4.25,3.14,3.14,3.14,3.14
4.25,3.14,3.14,3.14,3.14
4.26,3.14,3.14,3.14,3.14
4.27,3.14,3.14,3.14,3.14
4.28,3.14,3.14,3.14,3.14
4.28,3.14,3.14,3.14,3.14
4.29,3.14,3.14,3.14,3.14
4.30,3.14,3.14,3.14,3.14
4.31,3.14,3.14,3.14,3.14
4.31,3.14,3.14,3.14,3.14
4.32,3.14,3.14,3.14,3.14
4.33,3.14,3.14,3.14,3.14
4.34,3.14,3.14,3.14,3.14
4.34,3.14,3.14,3.14,3.14
4.35,3.14,3.14,3.14,3.14
4.36,3.14,3.14,3.14,3.14
4.36,3.14,3.14,3.14,3.14
4.37,3.14,3.14,3.14,3.14
4.38,3.14,3.14,3.14,3.14
4.39,3.14,3.14,3.14,3.14
4.40,3.14,3.14,3.14,3.14
4.40,3.14,3.14,3.14,3.14
4.41,3.14,3.14,3.14,3.14
4.42,3.14,3.14,3.14,3.14
4.42,3.14,3.14,3.14,3.14
4.43,3.14,3.14,3.14,3.14
4.44,3.14,3.14,3.14,3.14
4.45,3.14,3.14,3.14,3.14
4.45,3.14,3.14,3.14,3.14
4.46,3.14,3.14,3.14,3.14
4.47,3.14,3.14,3.14,3.14
4.48,3.14,3.14,3.14,3.14
4.48,3.14,3.14,3.14,3.14
4.49,3.14,3.14,3.14,3.14
4.50,3.14,3.14,3.14,3.14
4.51,3.14,3.14,3.14,3.14
4.51,3.14,3.14,3.14,3.14
4.52,3.14,3.14,3.14,3.14
4.53,3.14,3.14,3.14,3.14
4.53,3.14,3.14,3.14,3.14
4.54,3.14,3.14,3.14,3.14
4.55,3.14,3.14,3.14,3.14
4.56,3.14,3.14,3.14,3.14
4.57,3.14,3.14,3.14,3.14
4.57,3.14,3.14,3.14,3.14
4.58,3.14,3.14,3.14,3.14
4.59,3.14,3.14,3.14,3.14
4.59,3.14,3.14,3.14,3.14
4.60,3.14,3.14,3.14,3.14
4.61,3.14,3.14,3.14,3.14
4.62,3.14,3.14,3.14,3.14
4.62,3.14,3.14,3.14,3.14
4.63,3.14,3.14,3.14,3.14
4.64,3.14,3.14,3.14,3.14
4.65,3.14,3.14,3.14,3.14
4.65,3.14,3.14,3.14,3.14
4.66,3.14,3.14,3.14,3.14
4.67,3.14,3.14,3.14,3.14
4.68,3.14,3.14,3.14,3.14
4.68,3.14,3.14,3.14,3.14
4.69,3.14,3.14,3.14,3.14
4.70,3.14,3.14,3.14,3.14
4.71,3.14,3.14,3.14,3.14
4.71,3.14,3.14,3.14,3.14
4.72,3.14,3.14,3.14,3.14
4.73,3.14,3.14,3.14,3.14
4.74,3.14,3.14,3.14,3.14
4.74,3.14,3.14,3.14,3.14
4.75,3.14,3.14,3.14,3.14
4.76,3.14,3.14,3.14,3.14
4.76,3.14,3.14,3.14,3.14
4.77,3.14,3.14,3.14,3.14
4.78,3.14,3.14,3.14,3.14
4.79,3.14,3.14,3.14,3.14
4.79,3.14,3.14,3.14,3.14
4.80,3.14,3.14,3.14,3.14
4.81,3.14,3.14,3.14,3.14
4.82,3.14,3.14,3.14,3.14
4.82,3.14,3.14,3.14,3.14
4.83,3.14,3.14,3.14,3.14
4.84,3.14,3.14,3.14,3.14
4.85,3.14,3.14,3.14,3.14
4.85,3.14,3.14,3.14,3.14
4.86,3.14,3.14,3.14,3.14
4.87,3.14,3.14,3.14,3.14
4.88,3.14,3.14,3.14,3.14
4.88,3.14,3.14,3.14,3.14
4.89,3.14,3.14,3.14,3.14
4.90,3.14,3.14,3.14,3.14
4.91,3.14,3.14,3.14,3.14
4.91,3.14,3.14,3.14,3.14
4.92,3.14,3.14,3.14,3.14
4.93,3.14,3.14,3.14,3.14
4.94,3.14,3.14,3.14,3.14
4.94,3.14,3.14,3.14,3.14
4.95,3.14,3.14,3.14,3.14
4.96,3.14,3.14,3.14,3.14
4.97,3.14,3.14,3.14,3.14
4.97,3.14,3.14,3.14,3.14
4.98,3.14,3.14,3.14,3.14
4.99,3.14,3.14,3.14,3.14
5.00,3.14,3.14,3.14,3.14
5.00,3.14,3.14,3.14,3.14
5.01,3.14,3.14,3.14,3.14
5.02,3.14,3.14,3.14,3.14
5.02,3.14,3.14,3.14,3.14
5.03,3.14,3.14,3.14,3.14
5.04,3.14,3.14,3.14,3.14
5.05,3.14,3.14,3.14,3.14
5.05,3.14,3.14,3.14,3.14
5.06,3.14,3.14,3.14,3.14
5.07,3.14,3.14,3.14,3.14
5.08,3.14,3.14,3.14,3.14
5.08,3.14,3.14,3.14,3.14
5.09,3.14,3.14,3.14,3.14
5.10,3.14,3.14,3.14,3.14
5.11,3.14,3.14,3.14,3.14
5.11,3.14,3.14,3.14,3.14
5.12,3.14,3.14,3.14,3.14
5.13,3.14,3.14,3.14,3.14
5.14,3.14,3.14,3.14,3.14
5.14,3.14,3.14,3.14,3.14
5.15,3.14,3.14,3.14,3.14
5.16,3.14,3.14,3.14,3.14
5.17,3.14,3.14,3.14,3.14
5.17,3.14,3.14,3.14,3.14
5.18,3.14,3.14,3.14,3.14
5.19,3.14,3.14,3.14,3.14
5.19,3.14,3.14,3.14,3.14
5.20,3.14,3.14,3.14,3.14
5.21,3.14,3.14,3.14,3.14
5.22,3.14,3.14,3.14,3.14
5.22,3.14,3.14,3.14,3.14
5.23,3.14,3.14,3.14,3.14
5.24,3.14,3.14,3.14,3.14
5.25,3.14,3.14,3.14,3.14
5.25,3.14,3.14,3.14,3.14
5.26,3.14,3.14,3.14,3.14
5.27,3.14,3.14,3.14,3.14
5.28,3.14,3.14,3.14,3.14
5.28,3.14,3.14,3.14,3.14
5.29,3.14,3.14,3.14,3.14
5.30,3.14,3.14,3.14,3.14
5.30,3.14,3.14,3.14,3.14
5.31,3.14,3.14,3.14,3.14
5.32,3.14,3.14,3.14,3.14
5.33,3.14,3.14,3.14,3.14
5.34,3.14,3.14,3.14,3.14
5.34,3.14,3.14,3.14,3.14
5.35,3.14,3.14,3.14,3.14
5.36,3.14,3.14,3.14,3.14
5.36,3.14,3.14,3.14,3.14
5.37,3.14,3.14,3.14,3.14
5.38,3.14,3.14,3.14,3.14
5.39,3.14,3.14,3.14,3.14
5.39,3.14,3.14,3.14,3.14
5.40,3.14,3.14,3.14,3.14
5.41,3.14,3.14,3.14,3.14
5.42,3.14,3.14,3.14,3.14
5.42,3.14,3.14,3.14,3.14
5.43,3.14,3.14,3.14,3.14
5.44,3.14,3.14,3.14,3.14
5.45,3.14,3.14,3.14,3.14
5.45,3.14,3.14,3.14,3.14
5.46,3.14,3.14,3.14,3.14
5.47,3.14,3.14,3.14,3.14
5.48,3.14,3.14,3.14,3.14
5.48,3.14,3.14,3.14,3.14
5.49,3.14,3.14,3.14,3.14
5.50,3.14,3.14,3.14,3.14
5.51,3.14,3.14,3.14,3.14
5.51,3.14,3.14,3.14,3.14
5.52,3.14,3.14,3.14,3.14
5.53,3.14,3.14,3.14,3.14
5.53,3.14,3.14,3.14,3.14
5.54,3.14,3.14,3.14,3.14
5.55,3.14,3.14,3.14,3.14
5.56,3.14,3.14,3.14,3.14
5.56,3.14,3.14,3.14,3.14
5.57,3.14,3.14,3.14,3.14
5.58,3.14,3.14,3.14,3.14
5.59,3.14,3.14,3.14,3.14
5.59,3.14,3.14,3.14,3.14
5.60,3.14,3.14,3.14,3.14
5.61,3.14,3.14,3.14,3.14
5.62,3.14,3.14,3.14,3.14
5.62,3.14,3.14,3.14,3.14
5.63,3.14,3.14,3.14,3.14
5.64,3.14,3.14,3.14,3.14
5.65,3.14,3.14,3.14,3.14
5.65,3.14,3.14,3.14,3.14
5.66,3.14,3.14,3.14,3.14
5.67,3.14,3.14,3.14,3.14
5.68,3.14,3.14,3.14,3.14
5.68,3.14,3.14,3.14,3.14
5.69,3.14,3.14,3.14,3.14
5.70,3.14,3.14,3.14,3.14
5.70,3.14,3.14,3.14,3.14
5.71,3.14,3.14,3.14,3.14
5.72,3.14,3.14,3.14,3.14
5.73,3.14,3.14,3.14,3.14
5.73,3.14,3.14,3.14,3.14
5.74,3.14,3.14,3.14,3.14
5.75,3.14,3.14,3.14,3.14
5.76,3.14,3.14,3.14,3.14
5.76,3.14,3.14,3.14,3.14
5.77,3.14,3.14,3.14,3.14
5.78,3.14,3.14,3.14,3.14
5.79,3.14,3.14,3.14,3.14
5.79,3.14,3.14,3.14,3.14
5.80,3.14,3.14,3.14,3.14
5.81,3.14,3.14,3.14,3.14
5.82,3.14,3.14,3.14,3.14
5.82,3.14,3.14,3.14,3.14
5.83,3.14,3.14,3.14,3.14
5.84,3.14,3.14,3.14,3.14
5.85,3.14,3.14,3.14,3.14
5.85,3.14,3.14,3.14,3.14
5.86,3.14,3.14,3.14,3.14
5.87,3.14,3.14,3.14,3.14
5.88,3.14,3.14,3.14,3.14
5.88,3.14,3.14,3.14,3.14
5.89,3.14,3.14,3.14,3.14
5.90,3.14,3.14,3.14,3.14
5.91,3.14,3.14,3.14,3.14
5.91,3.14,3.14,3.14,3.14
5.92,3.14,3.14,3.14,3.14
5.93,3.14,3.14,3.14,3.14
5.94,3.14,3.14,3.14,3.14
5.94,3.14,3.14,3.14,3.14
5.95,3.14,3.14,3.14,3.14
5.96,3.14,3.14,3.14,3.14
5.96,3.14,3.14,3.14,3.14
5.97,3.14,3.14,3.14,3.14
5.98,3.14,3.14,3.14,3.14
5.99,3.14,3.14,3.14,3.14
5.99,3.14,3.14,3.14,3.14
6.00,0.00,3.14,0.00,3.14
6.01,0.00,3.14,0.00,3.14
6.02,0.00,3.14,0.00,3.13
6.02,0.00,3.12,0.00,3.12
6.03,0.00,3.09,0.00,3.09
6.04,0.00,3.05,0.00,3.05
6.05,0.00,3.01,0.00,3.01
6.05,0.00,2.96,0.00,2.96
6.06,0.00,2.90,0.00,2.90
6.07,0.00,2.84,0.00,2.83
6.08,0.00,2.77,0.00,2.76
6.09,0.00,2.70,0.00,2.69
6.09,0.00,2.62,0.00,2.61
6.10,0.00,2.54,0.00,2.53
6.11,0.00,2.46,0.00,2.44
6.12,0.00,2.37,0.00,2.36
6.12,0.00,2.28,0.00,2.27
6.13,0.00,2.19,0.00,2.18
6.14,0.00,2.10,0.00,2.08
6.15,0.00,2.00,0.00,1.99
6.16,0.00,1.90,0.00,1.89
6.16,0.00,1.80,0.00,1.79
6.17,0.00,1.70,0.00,1.69
6.18,0.00,1.60,0.00,1.59
6.19,0.00,1.50,0.00,1.49
6.20,0.00,1.40,0.00,1.39
6.20,0.00,1.29,0.00,1.29
6.21,0.00,1.19,0.00,1.19
6.22,0.00,1.08,0.00,1.08
6.23,0.00,0.97,0.00,0.98
6.24,0.00,0.86,0.00,0.87
6.24,0.00,0.76,0.00,0.76
6.25,0.00,0.65,0.00,0.66
6.26,0.00,0.54,0.00,0.56
6.27,0.00,0.45,0.00,0.46
6.27,0.00,0.37,0.00,0.36
6.28,0.00,0.29,0.00,0.28
6.29,0.00,0.23,0.00,0.23
6.30,0.00,0.18,0.00,0.18
6.30,0.00,0.15,0.00,0.14
6.31,0.00,0.12,0.00,0.11
6.32,0.00,0.10,0.00,0.08
6.33,0.00,0.07,0.00,0.06
6.33,0.00,0.04,0.00,0.04
6.34,0.00,0.03,0.00,0.02
6.35,0.00,0.02,0.00,0.01
6.36,0.00,0.01,0.00,-0.00
6.36,0.00,-0.00,0.00,-0.01
6.37,0.00,-0.02,0.00,-0.02
6.38,0.00,-0.03,0.00,-0.03
6.39,0.00,-0.03,0.00,-0.04
6.39,0.00,-0.03,0.00,-0.04
6.40,0.00,-0.04,0.00,-0.05
6.41,0.00,-0.04,0.00,-0.05
6.42,0.00,-0.05,0.00,-0.05
6.42,0.00,-0.05,0.00,-0.05
6.43,0.00,-0.05,0.00,-0.05
6.44,0.00,-0.05,0.00,-0.05
6.45,0.00,-0.05,0.00,-0.05
6.45,0.00,-0.05,0.00,-0.06
6.46,0.00,-0.05,0.00,-0.06
6.47,0.00,-0.05,0.00,-0.06
6.47,0.00,-0.05,0.00,-0.06
6.48,0.00,-0.05,0.00,-0.06
6.49,0.00,-0.05,0.00,-0.06
6.50,0.00,-0.05,0.00,-0.06
6.50,0.00,-0.05,0.00,-0.06
6.51,0.00,-0.05,0.00,-0.05
6.52,0.00,-0.05,0.00,-0.05
6.53,0.00,-0.05,0.00,-0.05
6.53,0.00,-0.05,0.00,-0.05
6.54,0.00,-0.05,0.00,-0.05
6.55,0.00,-0.05,0.00,-0.05
6.55,0.00,-0.05,0.00,-0.05
6.56,0.00,-0.05,0.00,-0.05
6.57,0.00,-0.05,0.00,-0.05
6.58,0.00,-0.05,0.00,-0.05
6.58,0.00,-0.05,0.00,-0.05
6.59,0.00,-0.05,0.00,-0.05
6.60,0.00,-0.05,0.00,-0.05
6.61,0.00,-0.05,0.00,-0.05
6.61,0.00,-0.04,0.00,-0.04
6.62,0.00,-0.04,0.00,-0.04
6.63,0.00,-0.04,0.00,-0.04
6.64,0.00,-0.04,0.00,-0.04
6.64,0.00,-0.04,0.00,-0.04
6.65,0.00,-0.04,0.00,-0.04
6.66,0.00,-0.04,0.00,-0.04
6.67,0.00,-0.04,0.00,-0.04
6.67,0.00,-0.04,0.00,-0.04
6.68,0.00,-0.04,0.00,-0.04
6.69,0.00,-0.04,0.00,-0.03
6.70,0.00,-0.04,0.00,-0.03
6.70,0.00,-0.03,0.00,-0.03
6.71,0.00,-0.03,0.00,-0.03
6.72,0.00,-0.03,0.00,-0.03
6.72,0.00,-0.03,0.00,-0.03
6.73,0.00,-0.03,0.00,-0.03
6.74,0.00,-0.03,0.00,-0.03
6.75,0.00,-0.03,0.00,-0.03
6.75,0.00,-0.03,0.00,-0.03
6.76,0.00,-0.03,0.00,-0.03
6.77,0.00,-0.03,0.00,-0.02
6.78,0.00,-0.03,0.00,-0.02
6.78,0.00,-0.03,0.00,-0.02
6.79,0.00,-0.02,0.00,-0.02
6.80,0.00,-0.02,0.00,-0.02
6.80,0.00,-0.02,0.00,-0.02
6.81,0.00,-0.02,0.00,-0.02
6.82,0.00,-0.02,0.00,-0.02
6.83,0.00,-0.02,0.00,-0.02
6.83,0.00,-0.02,0.00,-0.02
6.84,0.00,-0.02,0.00,-0.02
6.85,0.00,-0.02,0.00,-0.02
6.86,0.00,-0.02,0.00,-0.02
6.86,0.00,-0.02,0.00,-0.02
6.87,0.00,-0.02,0.00,-0.02
6.88,0.00,-0.02,0.00,-0.02
6.89,0.00,-0.02,0.00,-0.02
6.89,0.00,-0.02,0.00,-0.02
6.90,0.00,-0.02,0.00,-0.02
6.91,0.00,-0.02,0.00,-0.02
6.92,0.00,-0.01,0.00,-0.01
6.92,0.00,-0.01,0.00,-0.01
6.93,0.00,-0.01,0.00,-0.01
6.94,0.00,-0.01,0.00,-0.01
6.94,0.00,-0.01,0.00,-0.01
6.95,0.00,-0.01,0.00,-0.01
6.96,0.00,-0.01,0.00,-0.01
6.97,0.00,-0.01,0.00,-0.01
6.97,0.00,-0.01,0.00,-0.01
6.98,0.00,-0.01,0.00,-0.01
6.99,0.00,-0.01,0.00,-0.01
7.00,0.00,-0.01,0.00,-0.01